fam239b,0
glidr,1
ac005828.4,2
linc01006,3
ac008764.10,4
ac100793.2,5
al117329.1,6
ac103591.3,7
al591845.1,8
psmd6-as2,9
ac022498.2,10
al118506.1,11
al359921.2,12
ap000593.3,13
linc01705,14
al359258.3,15
ap000350.6,16
ac024884.2,17
ac027237.4,18
malinc1,19
zeb1,20
bola3-as1,21
ap003031.2,22
z82243.1,23
ac069120.1,24
al451165.2,25
al022311.1,26
al132780.2,27
ac062029.1,28
al157392.3,29
rp11-395p13.2,30
ac005280.3,31
hellpar,32
ac010624.2,33
ac005076.1,34
dapk1-it1,35
ac010680.2,36
ac092435.3,37
linc01619,38
ac068790.5,39
hla-f-as1,40
bcrp3,41
ap001033.2,42
ac011468.1,43
linc01303,44
ac009120.2,45
ac005332.4,46
ap001619.1,47
ac027031.2,48
raly-as1,49
ac003102.1,50
hotairm1,51
ac046143.1,52
al139099.4,53
blacat1,54
rparp-as1,55
hcg25,56
ac011270.2,57
ac007384.1,58
ac011444.1,59
ac009948.5,60
al033397.1,61
al359962.2,62
linc01511,63
ac084082.1,64
gas1rr,65
casc2,66
mir4713hg,67
ac007541.1,68
ac020923.1,69
ac011008.2,70
al139390.1,71
ac004972.1,72
ac090948.2,73
c20orf197,74
linc00895,75
ac034111.1,76
bx324167.2,77
ccdc144nl-as1,78
al031779.1,79
ac126474.2,80
linc01305,81
al589863.1,82
ap000542.2,83
ac025423.4,84
al031985.3,85
ac040970.1,86
ac010148.1,87
ac087623.3,88
linc01787,89
ttty12,90
al136040.1,91
ac068768.1,92
linc01139,93
ac104982.1,94
mir663ahg,95
ac006449.5,96
ac083798.2,97
al445673.1,98
ac136621.1,99
al159152.1,100
al691432.2,101
ap001453.1,102
al021707.3,103
al591485.1,104
ten1-cdk3,105
ac005899.4,106
prr34-as1,107
ac138430.1,108
al162595.2,109
ac083906.3,110
ac103760.1,111
ac090159.1,112
ac019205.1,113
mir4453hg,114
al445524.1,115
ac016968.1,116
tmem161b-as1,117
ap000842.3,118
c8orf31,119
ac025165.5,120
ac025263.1,121
hoxa-as3,122
linc00494,123
ubr5-as1,124
acoxl-as1,125
aatbc,126
al024507.2,127
linc02570,128
ac074117.1,129
ac005332.6,130
e2f3-it1,131
ac067931.1,132
linc00654,133
ac126696.2,134
ac012236.1,135
ac009269.5,136
egot,137
ac004067.1,138
al161733.1,139
ac010530.1,140
linc01654,141
al445231.1,142
linc00460,143
ac109326.1,144
snhg25,145
ac010624.1,146
ac008982.2,147
ac016903.1,148
ac133552.5,149
ac008608.2,150
ac105235.1,151
ac011900.1,152
fer1l6-as1,153
tmcc1-as1,154
ac006455.5,155
ac068152.1,156
linc00963,157
ac136443.3,158
acap2-it1,159
al365318.1,160
rgmb-as1,161
ap003170.4,162
large-it1,163
ac037487.4,164
linc02249,165
al445222.1,166
ac009283.1,167
ac009118.2,168
prkag2-as1,169
mrvi1-as1,170
ac004540.1,171
af131216.1,172
ac006058.3,173
al133551.1,174
ac124312.4,175
ac027277.2,176
ac011462.4,177
linc00466,178
adora2a-as1,179
cyp4a22-as1,180
linc01638,181
ac104211.1,182
ac011294.1,183
ac007823.1,184
ac096536.1,185
ac104463.2,186
al360012.1,187
al158071.3,188
ac010331.1,189
al512590.3,190
ac011632.1,191
ap001469.3,192
ac079766.1,193
ac092803.2,194
linc02360,195
linc02568,196
rp11-417j8.3,197
ac091045.1,198
al356056.2,199
al691459.1,200
ac004080.5,201
ac079315.1,202
lncpress1,203
linc01535,204
linc00649,205
al583810.2,206
meox2-as1,207
ac005730.3,208
al161891.1,209
af111167.2,210
ac109322.1,211
ac107032.2,212
pard6g-as1,213
ac018926.2,214
mapkapk5-as1,215
al353615.1,216
ac118658.2,217
al158212.3,218
ac126755.4,219
linc01273,220
ac007342.5,221
ac087163.3,222
ac009090.3,223
ac008897.3,224
al138759.1,225
al359091.1,226
lemd1-as1,227
al139349.1,228
ac007684.1,229
linc00638,230
adamtsl4-as1,231
let,232
pcat4,233
ac114316.2,234
linc00886,235
ac104035.1,236
ac012501.1,237
chrf,238
ac020917.4,239
ac090970.3,240
mylk-as1,241
al590133.1,242
ac008124.1,243
linc01569,244
ac104794.2,245
stx18-as1,246
ac068491.4,247
ac092140.2,248
linc00467,249
ac079866.2,250
wee2-as1,251
ac104564.5,252
ac136603.1,253
ac005291.1,254
stard7-as1,255
a2m-as1,256
ac104083.1,257
pcolce-as1,258
ac010980.2,259
tsix,260
malat1,261
ac244197.2,262
kcnk15-as1,263
rundc3a-as1,264
al513123.1,265
ac008105.1,266
al133279.3,267
ac006486.2,268
linc02051,269
ac108704.2,270
nutm2a-as1,271
ac092747.4,272
linc01694,273
ac105429.1,274
snhg12,275
ac245033.4,276
ac068580.1,277
al359091.3,278
ac010186.3,279
ac112220.2,280
ac008750.5,281
al021707.1,282
ac084824.4,283
ptges2-as1,284
ac023043.4,285
linc01778,286
al356481.1,287
ac004832.5,288
al162274.3,289
ac245041.1,290
ac109597.2,291
linc01270,292
linc01111,293
nckap5-it1,294
gsn-as1,295
znf528-as1,296
al138781.1,297
al355336.1,298
ac008736.1,299
linc01623,300
ac022079.1,301
ac023355.1,302
al590666.2,303
ac011825.4,304
al627309.5,305
ac021683.3,306
aptr,307
linc00355,308
pcat5,309
z95114.4,310
tm4sf19-as1,311
ac021739.2,312
al136295.2,313
ac079305.1,314
ac009948.3,315
ap001486.2,316
ac145207.7,317
al135925.1,318
ac104793.1,319
tmem132d-as1,320
ac079226.2,321
ac117386.2,322
al390729.1,323
klhl7-as1,324
linc00266-1,325
spaca6p-as,326
ac012313.3,327
al132639.2,328
ac092368.3,329
linc01815,330
ac012313.6,331
ac023632.6,332
al603840.1,333
linc01394,334
linc00704,335
linc01876,336
dlgap1-as4,337
ac018761.1,338
z84723.1,339
linc02389,340
ac005034.3,341
flvcr1-as1,342
ramp2-as1,343
ac009086.3,344
hcg18,345
linc01204,346
ap006621.5,347
linc00858,348
muc20-ot1,349
ac009404.1,350
genename,351
al355310.1,352
cyyr1-as1,353
ap000679.1,354
ac078882.1,355
linc01018,356
ac105219.1,357
tmem51-as1,358
znf252p-as1,359
zswim8-as1,360
ac134407.2,361
snhg16,362
ovch1-as1,363
ac016747.1,364
al662791.1,365
ac011447.7,366
ap003392.5,367
ac025171.1,368
ac097468.3,369
zfpm2-as1,370
ac127070.4,371
slfnl1-as1,372
ac135050.3,373
linc02434,374
ac005562.1,375
cxxc4-as1,376
tmem202-as1,377
ac079062.1,378
adpgk-as1,379
ac026401.3,380
pitpna-as1,381
ac091182.1,382
ac079331.1,383
al137784.2,384
ac106739.1,385
ac007608.1,386
al360181.2,387
ervk13-1,388
al356488.2,389
ac127496.7,390
ac104113.1,391
ac010442.1,392
ac067852.3,393
al157414.3,394
ac011603.2,395
st3gal6-as1,396
ap006248.3,397
al137127.1,398
al035071.1,399
ac012676.1,400
ac093157.1,401
meg8,402
ac011447.3,403
aff2-it1,404
ac009145.4,405
al162171.3,406
hottip,407
linc01448,408
al359636.2,409
linc00926,410
ac012123.1,411
al596325.2,412
gnas-as1,413
tex26-as1,414
al604028.1,415
lbx1-as1,416
al136537.2,417
ac006252.1,418
ac079117.1,419
al096817.1,420
ap001432.1,421
sox2,422
zeb2,423
linc02328,424
ac011978.2,425
wwtr1-it1,426
ac004877.1,427
al031009.1,428
satb1-as1,429
stk4-as1,430
al161772.1,431
z93022.1,432
c15orf56,433
linc00115,434
linc02421,435
linc02532,436
ac099804.1,437
ac117382.2,438
linc00161,439
linc01091,440
linc01232,441
linc01842,442
linc01499,443
al121578.3,444
ac074183.1,445
ac022929.2,446
linc01518,447
ac009065.3,448
z98884.2,449
ac048341.2,450
psmd6-as1,451
linc00452,452
lipe-as1,453
ac069224.1,454
linc01102,455
ndufa6-as1,456
ac004466.2,457
ac233728.1,458
igf2-as,459
ac008074.1,460
ac022167.2,461
al049712.1,462
ac005578.1,463
pcdh9-as2,464
ac074183.2,465
usp2-as1,466
al157911.1,467
bx088651.4,468
cllu1,469
linc01806,470
linc01391,471
ac015909.3,472
ac016590.1,473
ac144652.1,474
mirlet7dhg,475
al133215.2,476
ac084876.2,477
ac022211.1,478
al132796.2,479
ac044784.1,480
ac121757.1,481
gata3-as1,482
ac022075.2,483
al121583.1,484
ap005432.1,485
ac125437.2,486
casc15,487
ac008957.3,488
linc01743,489
ac123912.4,490
ac005520.2,491
ac120053.1,492
bancr,493
ac006330.1,494
z95114.1,495
ac096887.2,496
linc00242,497
linc00346,498
linc00896,499
ap003486.1,500
linc02384,501
ac093462.1,502
al606491.1,503
linc02242,504
ac146944.4,505
al117336.3,506
fam160a1-dt,507
linc01515,508
ac005921.3,509
ac022960.2,510
al392089.1,511
ac002044.1,512
al157778.1,513
ac092653.1,514
al162311.3,515
linc01592,516
ac007402.1,517
ankrd10-it1,518
ac098828.2,519
linc00265,520
al031595.3,521
al035420.2,522
ap001496.2,523
linc02436,524
ac024132.1,525
linc01514,526
ac004947.1,527
al442663.3,528
ac007663.3,529
c5orf66-as1,530
ac112504.1,531
al139125.2,532
btg3-as1,533
al732314.6,534
ac106795.5,535
ac244517.8,536
uca1,537
ap003027.1,538
linc00324,539
arhgef26-as1,540
al590705.5,541
ac068724.3,542
ac005863.1,543
ac016825.1,544
ac079466.1,545
snhg7,546
al133243.2,547
ac009948.1,548
ap000553.1,549
ac004000.1,550
al117381.1,551
ac018558.1,552
ap001273.1,553
ac240565.2,554
al078612.2,555
ac120049.1,556
stard13-it1,557
polr2j4,558
ac138207.4,559
ac008115.4,560
linc00662,561
ac009133.2,562
linc02456,563
c17orf82,564
linc01857,565
linc00472,566
linc01963,567
al357140.2,568
ac109460.3,569
ac010654.1,570
al590787.1,571
al109659.2,572
ac055811.4,573
hecw1-it1,574
ap000864.1,575
ac084033.3,576
ac007496.3,577
ac136618.1,578
llph-as1,579
tug1,580
ac008267.5,581
ac116353.4,582
ac015845.2,583
rp11-277l2.3,584
ac012615.6,585
ac092120.1,586
linc01023,587
al590783.1,588
al356055.1,589
linc00960,590
ac119403.1,591
mir3936hg,592
dars-as1,593
ac068512.1,594
al158055.1,595
ac087623.4,596
tex41,597
ac122688.3,598
ac243836.1,599
ac022306.3,600
linc01132,601
ap001453.4,602
ac013460.1,603
ac034243.1,604
slc26a4-as1,605
ac026356.2,606
ac105285.1,607
ac009061.2,608
fam66e,609
mir503hg,610
ac016727.1,611
tspoap1-as1,612
ac080129.1,613
xist,614
ac091047.1,615
fam198b-as1,616
al031282.2,617
ac003992.1,618
ac005899.3,619
slc8a1-as1,620
ac073862.5,621
entpd3-as1,622
ac253536.3,623
af127936.2,624
linc02267,625
rora-as1,626
snhg14,627
al138724.1,628
al132656.4,629
ash1l-as1,630
ac016205.1,631
ac008687.2,632
ac025178.1,633
al133387.2,634
msc-as1,635
ac110597.1,636
ac091729.3,637
al137058.2,638
al353608.3,639
tmem9b-as1,640
al355834.1,641
ac099509.1,642
heih,643
al359094.1,644
ap001347.1,645
ctd-2132n18.4,646
al450326.1,647
al512506.1,648
al356414.1,649
al353801.3,650
ac116049.2,651
ap006284.1,652
slc9a3-as1,653
arhgap11b,654
linc01915,655
ac048380.2,656
ac100826.1,657
ac020891.2,658
trpm2-as,659
casc8,660
ac011476.2,661
ac092919.2,662
al513534.1,663
ac006449.6,664
psmg3-as1,665
linc02026,666
pcat19,667
nck1-as1,668
al096678.1,669
ac007620.2,670
ac092117.1,671
ac244453.2,672
al031123.2,673
ac009303.4,674
ac007262.2,675
ac011095.1,676
snhg6,677
itpr1-as1,678
snhg21,679
ac009237.14,680
al929236.1,681
falec,682
ac104596.1,683
ac010894.2,684
al512328.1,685
pwar6,686
oip5-as1,687
ac005899.8,688
al139327.2,689
al137186.1,690
ac080013.6,691
ac097478.1,692
ac055716.3,693
af127577.4,694
ac124312.5,695
al354696.2,696
al355987.2,697
ac016831.7,698
mir3150bhg,699
ac093702.1,700
ac010719.1,701
ac004233.3,702
pcbp2-ot1,703
al356309.3,704
hcg17,705
ap000866.1,706
ac117503.3,707
al662884.3,708
chrm3-as2,709
al645608.6,710
ac011478.1,711
ac083843.4,712
linc01170,713
ac145422.1,714
linc01811,715
ac128688.2,716
hoxc-as3,717
ac079612.1,718
extl3-as1,719
eml2-as1,720
ac020658.7,721
ac055713.1,722
linc02388,723
ac159540.1,724
linc01764,725
ac048380.1,726
ac006333.2,727
ac079331.2,728
ac118344.2,729
ac012485.1,730
al360219.1,731
ac024940.6,732
ac012181.2,733
al135791.1,734
ap003559.1,735
al049543.1,736
usp27x-as1,737
ac104162.2,738
al390195.1,739
ac002044.2,740
al049629.1,741
ac106799.3,742
linc00210,743
ac073569.3,744
ac020612.3,745
trpc7-as2,746
linc00293,747
urb1-as1,748
ac096992.2,749
al391001.1,750
ac083843.3,751
thap9-as1,752
ac068418.2,753
ac090510.2,754
al359697.1,755
linc01578,756
linc02150,757
ac090607.5,758
al137804.1,759
al645608.8,760
ac007066.2,761
sucla2-as1,762
ac015849.1,763
ac083836.1,764
linc01258,765
al022322.2,766
ac008543.1,767
ac093274.1,768
al138713.1,769
ac091167.5,770
al390955.2,771
ac108002.1,772
ac133561.2,773
linc00608,774
linc02139,775
mbnl1-as1,776
rp11-782c8.1,777
ac016355.1,778
ac103853.2,779
linc02086,780
ac093484.4,781
al451064.2,782
ac087164.1,783
al590399.1,784
ac004477.3,785
alg13-as1,786
ac004540.2,787
ap000437.1,788
al357033.2,789
ac025287.1,790
al645608.5,791
satb2-as1,792
ac011933.2,793
gacat2,794
ac004801.6,795
al135746.1,796
ac020658.3,797
ac011450.1,798
ac005609.1,799
al118516.1,800
ac010226.1,801
ac105219.2,802
ac018521.2,803
linc01759,804
ap000317.2,805
ac084036.1,806
af111169.1,807
ac005779.1,808
ac018553.1,809
nutm2b-as1,810
ac009133.5,811
al008638.3,812
linc01825,813
linc00668,814
ac006329.1,815
ac025164.1,816
adirf-as1,817
al590666.1,818
linc02012,819
ac015799.1,820
grk5-it1,821
al365356.1,822
iba57-as1,823
agap2-as1,824
ac004835.1,825
ac087257.1,826
ac104986.2,827
dleu1,828
pced1b-as1,829
ac074135.1,830
al353746.1,831
al354920.1,832
casc11,833
al355488.1,834
ac093484.1,835
kcnmb2-as1,836
ac012615.1,837
al355816.2,838
ghrlos,839
lifr-as1,840
ac027237.3,841
al034428.1,842
ac015819.2,843
al122035.2,844
linc02418,845
hexdc-it1,846
ac016876.2,847
bx005266.2,848
f11-as1,849
ac005696.2,850
rp11-382b18.4,851
ac073335.2,852
al358472.2,853
ac005532.1,854
lrrc75a-as1,855
z94721.2,856
linc00461,857
ac027279.1,858
bx323046.1,859
colca1,860
linc02396,861
ac009812.1,862
linc00894,863
snhg10,864
ac215522.2,865
al021707.2,866
fam201a,867
tp73-as1,868
poc1b-as1,869
ac016747.3,870
linc01588,871
ac104472.1,872
linc01492,873
al450992.1,874
ac073050.1,875
al513327.3,876
linc01184,877
ac021755.2,878
ac131649.2,879
arap1-as1,880
mcm3ap-as1,881
al137060.1,882
linc00652,883
zeb1-as1,884
ac105150.1,885
linc01121,886
gas6-as1,887
al365436.2,888
ac138969.3,889
tmem147-as1,890
ac112722.1,891
ap002387.2,892
cyp1b1-as1,893
klf3-as1,894
linc01343,895
al691482.3,896
ac142086.1,897
al359198.1,898
ac011462.3,899
ac005606.2,900
ac009041.2,901
al118505.1,902
ac097717.1,903
al049781.1,904
ac015660.3,905
casc19,906
ac091948.1,907
linc02292,908
ac019117.2,909
ac063965.1,910
ac139256.2,911
ac010531.4,912
linc00261,913
ac018413.1,914
al513329.1,915
fzd10-as1,916
al359265.3,917
ac105036.3,918
ac007431.3,919
asmtl-as1,920
pax8-as1,921
ac120057.4,922
al354993.2,923
ac099522.2,924
ac009318.1,925
al135905.1,926
ac103770.1,927
al591368.1,928
dlgap1-as5,929
al671710.1,930
ap000526.1,931
tcl6,932
entpd1-as1,933
ac113383.1,934
pla2g4e-as1,935
ac138035.1,936
foxd3-as1,937
al133453.1,938
kctd21-as1,939
ac006111.2,940
srgap2c,941
ap000866.2,942
ap003733.4,943
ac097461.1,944
znf674-as1,945
al162390.1,946
ac243960.1,947
linc01194,948
ac093520.1,949
arrdc3-as1,950
rfpl1s,951
ac024475.4,952
ac107214.1,953
ac159540.2,954
al035425.3,955
ac020661.1,956
al137145.2,957
ac005911.1,958
rp11-219c20.3,959
ac092168.2,960
ac011503.2,961
ac009686.2,962
al158207.2,963
ac004160.1,964
ac006013.1,965
al391069.2,966
ac012513.3,967
dgcr11,968
ac129502.1,969
ac005005.4,970
fbxl19-as1,971
ac090386.2,972
ac009097.2,973
al110115.2,974
mir3142hg,975
ac104581.4,976
ac011477.2,977
ac100861.1,978
al117332.1,979
ac112206.2,980
aj271736.1,981
c1orf143,982
linc02064,983
ttty15,984
ac069278.4,985
znf609,986
ac068790.2,987
ac009133.1,988
ac108488.1,989
ac018647.2,990
ac105101.1,991
luadt1,992
tob1-as1,993
ap005482.3,994
linc00879,995
ac012370.1,996
ac124068.2,997
linc01252,998
ac092354.2,999
ac068870.3,1000
dleu2,1001
ac015912.3,1002
hif1a-as2,1003
linc02245,1004
linc02104,1005
ac007485.2,1006
al121985.1,1007
ac034238.2,1008
ac011352.1,1009
arrdc1-as1,1010
hipk3,1011
ac006273.1,1012
ac016705.2,1013
ac012360.2,1014
ac016717.2,1015
gacat3,1016
al162591.2,1017
ac022007.1,1018
al079305.1,1019
ac009127.1,1020
dicer1-as1,1021
ac104827.1,1022
ac135050.1,1023
ac020763.1,1024
ac007785.3,1025
al365440.2,1026
al121845.1,1027
linc00525,1028
linc00665,1029
ac092868.2,1030
ac110615.1,1031
duxap8,1032
tmem44-as1,1033
al121832.2,1034
rusc1-as1,1035
al050341.2,1036
linc01560,1037
tincr,1038
ac243772.2,1039
ac005534.1,1040
rp11-436h11.5,1041
ac011504.1,1042
ac097662.1,1043
stard13,1044
atp11a-as1,1045
rbm26-as1,1046
af131215.5,1047
nrsn2-as1,1048
al139035.1,1049
al137003.1,1050
ac015871.3,1051
itpkb-it1,1052
ac008937.3,1053
ac005332.1,1054
ac126365.1,1055
linc01977,1056
ac108866.1,1057
kiaa1614-as1,1058
ac006504.7,1059
ac021242.3,1060
ogfrp1,1061
ac010210.1,1062
mafg-as1,1063
ac102953.2,1064
linc02201,1065
al606516.1,1066
miat,1067
ac137630.4,1068
linc01970,1069
ac005831.1,1070
ac005786.3,1071
ac004812.2,1072
al109935.1,1073
ac023794.6,1074
linc00173,1075
linc01605,1076
dcst1-as1,1077
ap001351.1,1078
al122023.1,1079
rp11-498d10.6,1080
al008723.1,1081
linc01304,1082
ac012186.3,1083
rrn3p2,1084
ac005220.1,1085
ac245297.2,1086
ac015689.1,1087
mincr,1088
ac005785.2,1089
c8orf49,1090
ac006116.5,1091
ac010761.3,1092
ac016027.1,1093
trg-as1,1094
ac080080.1,1095
ac013553.4,1096
linc02100,1097
ac092675.1,1098
ac010542.4,1099
ap005328.1,1100
ac025183.1,1101
ac005915.1,1102
al353796.1,1103
aj003147.2,1104
ac012417.1,1105
ac022075.1,1106
al365295.1,1107
al031600.2,1108
fam157c,1109
ac138627.1,1110
al441883.1,1111
linc01096,1112
al590617.2,1113
linc01133,1114
af129075.2,1115
ac012313.4,1116
al772363.1,1117
linc01116,1118
ac239798.4,1119
linc00476,1120
ac105345.1,1121
linc00663,1122
ericd,1123
ac027279.2,1124
ac107027.3,1125
al359834.1,1126
ac007342.8,1127
ac084200.1,1128
hotair,1129
al451085.2,1130
ac020978.7,1131
al589642.1,1132
ac009248.2,1133
ac244090.1,1134
al357060.1,1135
ac060780.1,1136
ac098820.3,1137
al024498.1,1138
ac005062.1,1139
ghc-362h12.3,1140
hoxd-as2,1141
mir600hg,1142
al450384.2,1143
ac099506.1,1144
ac004381.1,1145
al591686.1,1146
linc00540,1147
rsf1-it1,1148
al121753.2,1149
al356017.1,1150
ap001267.2,1151
ac087477.2,1152
al445363.3,1153
ac012510.1,1154
arhgap27p1-bptfp1-kpna2p3,1155
ac010834.3,1156
ac131235.4,1157
ac027020.2,1158
ac091564.7,1159
ac113189.2,1160
ac106791.1,1161
ac008555.1,1162
ac026691.1,1163
ac092354.1,1164
al356512.1,1165
ac010997.6,1166
al121944.1,1167
ap001972.5,1168
pan3-as1,1169
lhx1-dt,1170
ap002992.1,1171
linc01003,1172
ac010533.1,1173
ac005358.2,1174
linc02506,1175
al049840.4,1176
al359510.2,1177
rp11-343n15.5,1178
ac091925.2,1179
ac040162.3,1180
z73429.1,1181
ac087741.3,1182
ac026362.2,1183
ac092155.1,1184
il6r-as1,1185
ac090627.1,1186
al357093.2,1187
ac002347.1,1188
al132655.2,1189
linc02246,1190
mhencr,1191
al132989.1,1192
al592148.3,1193
ac079414.3,1194
ac239868.2,1195
linc00632,1196
sssca1-as1,1197
sgms1-as1,1198
al596244.1,1199
c5orf56,1200
ac108471.2,1201
ac022336.3,1202
sept7-as1,1203
znf213-as1,1204
ac068338.2,1205
ac090912.2,1206
ac004808.1,1207
ac010655.4,1208
ac010435.1,1209
linc00342,1210
ac083806.3,1211
ac026367.2,1212
fam87a,1213
linc01355,1214
ac131009.4,1215
ac090587.1,1216
al662797.1,1217
ac090198.1,1218
al442125.2,1219
ac100830.3,1220
ac090948.3,1221
ac048382.6,1222
ac090515.2,1223
ac092535.1,1224
linc02228,1225
linc01756,1226
linc01715,1227
ap000346.1,1228
ac068282.1,1229
fam225b,1230
ac020907.5,1231
ac087241.4,1232
sh3bp5-as1,1233
al645941.1,1234
ac008750.3,1235
ac020659.1,1236
ac108718.1,1237
linc01123,1238
al079301.1,1239
pdcd4-as1,1240
ac005725.1,1241
linc00402,1242
al590385.2,1243
ac024075.2,1244
al358176.4,1245
al157931.2,1246
nifk-as1,1247
ac005538.2,1248
linc01436,1249
ac004672.1,1250
al359715.4,1251
al023583.1,1252
ac004951.1,1253
loxl1-as1,1254
ac135048.1,1255
ac092964.1,1256
ac073857.1,1257
trerna1,1258
al133330.1,1259
al138976.2,1260
al138955.1,1261
ac006027.1,1262
al133342.1,1263
ac091982.3,1264
ac019155.3,1265
ac012435.2,1266
ac127502.2,1267
maftrr,1268
ac004771.2,1269
ac010168.2,1270
ac009090.5,1271
al139220.2,1272
crnde,1273
linc01089,1274
ap006248.4,1275
rp11-1002k11.1,1276
ac002472.1,1277
ac009065.4,1278
linc01748,1279
linc01526,1280
linc01285,1281
ac005034.4,1282
c9orf147,1283
linc01678,1284
bms1p4,1285
ac092574.1,1286
ac105020.1,1287
ac120114.2,1288
linc01444,1289
ac010999.3,1290
al161729.3,1291
linc00339,1292
map3k14-as1,1293
ac020663.3,1294
linc00898,1295
ac007221.2,1296
ac138207.7,1297
ap002026.1,1298
ap005263.1,1299
ac073073.2,1300
linc00899,1301
linc01336,1302
ac099343.3,1303
ac073957.2,1304
xxylt1-as2,1305
al110115.1,1306
ac068792.1,1307
linc01031,1308
ac004491.1,1309
mir17hg,1310
ac055855.1,1311
ap000688.1,1312
ac016588.2,1313
ac091057.3,1314
st20-as1,1315
ap001462.1,1316
ac005229.4,1317
ac005840.2,1318
ac009163.3,1319
ap005131.6,1320
ac104109.2,1321
tp53tg1,1322
ac239868.1,1323
ac004477.1,1324
ac087286.4,1325
basp1-as1,1326
ac106886.2,1327
al035252.3,1328
lbx2-as1,1329
pgr-as1,1330
al672291.1,1331
dsg2-as1,1332
gsec,1333
linc01782,1334
linc00326,1335
ac019209.3,1336
ac011815.1,1337
al627309.2,1338
ac008771.1,1339
ac074091.1,1340
al157400.3,1341
ac009502.1,1342
ac005632.2,1343
al139393.2,1344
ac053503.4,1345
ac009137.2,1346
hlcs-it1,1347
ac011379.1,1348
ac106738.1,1349
ac103740.1,1350
ac091181.1,1351
ac073111.4,1352
ac004520.1,1353
linc00685,1354
al157400.4,1355
ac103703.1,1356
ac004847.1,1357
capn10-as1,1358
linc01106,1359
ac131391.1,1360
ac026461.1,1361
ac006058.1,1362
sstr5-as1,1363
eif1b-as1,1364
al451164.3,1365
ac022400.5,1366
ac145207.5,1367
al109615.3,1368
ac011525.2,1369
ac005920.3,1370
ap000977.1,1371
ac010422.4,1372
mir497hg,1373
ac127070.2,1374
ac020978.5,1375
al136379.1,1376
linc00599,1377
wdfy3-as2,1378
ac099850.1,1379
cpeb2-as1,1380
ktn1-as1,1381
z82217.1,1382
ehhadh-as1,1383
al161636.1,1384
ap000787.1,1385
al139274.2,1386
al160236.2,1387
al590999.1,1388
alox12-as1,1389
dnaaf4-ccpg1,1390
linc01176,1391
ac104447.1,1392
ac010997.3,1393
ac105383.1,1394
ac100810.1,1395
atp2b1-as1,1396
ac129926.1,1397
agpat4-it1,1398
draic,1399
al008729.2,1400
fer1l4,1401
u62317.3,1402
ac091231.1,1403
al662791.2,1404
al031428.1,1405
linc00909,1406
ap000894.2,1407
ac064801.2,1408
ac013489.1,1409
linc00506,1410
ac135050.5,1411
al158825.2,1412
al117339.4,1413
ly6e-dt,1414
ac087388.1,1415
al513550.1,1416
bsn-as2,1417
gata2-as1,1418
ac092598.1,1419
af131215.6,1420
ap001062.3,1421
ac091100.1,1422
tmc3-as1,1423
al157813.1,1424
al357093.1,1425
c9orf170,1426
linc00485,1427
ac135782.3,1428
ac008764.7,1429
linc01689,1430
ac242426.2,1431
rp11-141c7.4,1432
ac008067.1,1433
leng8-as1,1434
linc02085,1435
znf529-as1,1436
mif-as1,1437
aj009632.2,1438
al162595.1,1439
ac073548.1,1440
al158206.1,1441
ac245748.2,1442
ac133644.3,1443
ac131571.1,1444
al158058.1,1445
ac109779.1,1446
ac006372.3,1447
al031058.1,1448
tpm1-as,1449
al121603.2,1450
al049796.1,1451
ac078852.1,1452
ac091563.1,1453
foxp1-it1,1454
linc01416,1455
dant2,1456
ac006511.3,1457
al136982.1,1458
al049557.1,1459
linc00622,1460
c9orf163,1461
vps9d1-as1,1462
ac079336.5,1463
ckmt2-as1,1464
linc01521,1465
ac025165.4,1466
al158211.5,1467
al031587.5,1468
ac006001.2,1469
ac087501.1,1470
al392172.1,1471
linc00313,1472
al139407.1,1473
al139158.2,1474
spon1-as1,1475
ctc-462l7.1,1476
ac007342.9,1477
ac073896.4,1478
ac123595.2,1479
ac090204.1,1480
al162258.1,1481
al118558.4,1482
ac005154.1,1483
zfhx2-as1,1484
gasal1,1485
frg1-dt,1486
smc2-as1,1487
ac116447.1,1488
ac139100.2,1489
ac097376.2,1490
al035458.2,1491
al109811.1,1492
eif3j-as1,1493
ac245452.5,1494
ac027237.2,1495
al359915.2,1496
ac124319.4,1497
linc01898,1498
hhip-as1,1499
al645933.2,1500
ac124798.1,1501
ubl7-as1,1502
linc01311,1503
ac123768.3,1504
ac027097.2,1505
ac106869.1,1506
hccat5,1507
ac084781.1,1508
ac003005.2,1509
dgcr5,1510
ac022167.1,1511
al160006.1,1512
c3orf35,1513
al358074.1,1514
ac009084.1,1515
ac130462.1,1516
ac108516.2,1517
ac141586.3,1518
al354760.1,1519
sos1-it1,1520
mir4435-2hg,1521
ac129492.1,1522
haglros,1523
ac073842.2,1524
ac234781.1,1525
ac079226.1,1526
pcat1,1527
ac102945.2,1528
ac009403.2,1529
paxip1-as1,1530
ac244394.2,1531
ccdc18-as1,1532
ac106795.2,1533
ac245452.1,1534
linc02363,1535
ac093908.1,1536
ap000974.1,1537
ac132872.2,1538
linc02163,1539
ac012531.2,1540
ap003393.1,1541
linc01422,1542
hcg9,1543
ac020910.5,1544
ap003096.1,1545
mir2052hg,1546
ap006259.1,1547
al355102.3,1548
linc01476,1549
ac096677.1,1550
pcf11-as1,1551
ac017116.1,1552
ac019133.1,1553
al353803.5,1554
slit2-it1,1555
ac087821.1,1556
alg1l9p,1557
ap003485.1,1558
linc01016,1559
ac019069.1,1560
ac023024.2,1561
linc00630,1562
al035425.4,1563
ap006333.1,1564
ac093249.6,1565
ftx,1566
ac000123.3,1567
ac087741.1,1568
ac006213.1,1569
ac008443.6,1570
linc01541,1571
al049795.2,1572
linc01952,1573
ac006064.5,1574
linc01128,1575
linc02346,1576
ac011912.1,1577
ac145423.3,1578
ac093525.8,1579
ac007220.1,1580
kb-226f1.1,1581
ap002884.1,1582
ac098818.2,1583
al008727.1,1584
znf710-as1,1585
or2a1-as1,1586
ac096733.2,1587
z69706.1,1588
al133410.1,1589
proser2-as1,1590
rn7sl832p,1591
ac105942.1,1592
linc00539,1593
plac4,1594
ac009716.2,1595
slc2a1-as1,1596
slc25a21-as1,1597
pxn-as1,1598
al022157.1,1599
ac108010.1,1600
z95115.1,1601
ac023908.2,1602
ac010595.1,1603
bx640515.1,1604
ac009549.1,1605
al359771.1,1606
dph6-as1,1607
al354707.1,1608
linc01090,1609
ac120024.1,1610
al355574.1,1611
ac009021.2,1612
g2e3-as1,1613
al355102.1,1614
ac026471.1,1615
cd81-as1,1616
al008635.1,1617
al645568.1,1618
ac007228.2,1619
ptcsc3,1620
ervmer61-1,1621
ac092718.7,1622
ctd-3093m3.1,1623
ap001429.1,1624
ac004921.1,1625
ac090510.3,1626
znf436-as1,1627
al356441.1,1628
ac018521.1,1629
ac114271.1,1630
linc01134,1631
al096869.2,1632
ap006216.1,1633
ac087752.3,1634
al109614.1,1635
ac004241.2,1636
ac140125.2,1637
linc00885,1638
rasal2-as1,1639
rp11-226l15.5,1640
al138781.2,1641
ap001767.4,1642
ac125603.2,1643
ac136944.2,1644
atp1a1-as1,1645
al512343.2,1646
ac012020.1,1647
ac023043.1,1648
chkb-as1,1649
ac080129.2,1650
dscam-as1,1651
linc01572,1652
ac121761.1,1653
nup50-as1,1654
ac017100.1,1655
linc00689,1656
ac133540.1,1657
al139241.1,1658
dlg5-as1,1659
ac092957.1,1660
linc02453,1661
al163932.1,1662
ac009108.5,1663
snhg11,1664
ac010643.1,1665
ac245884.8,1666
ac114956.2,1667
ap003419.2,1668
bx322562.1,1669
cbr3-as1,1670
hoxb-as2,1671
rp11-435b5.4,1672
ac018445.3,1673
ac018737.2,1674
epha1-as1,1675
al365181.2,1676
ac098479.1,1677
al357153.3,1678
ac009365.1,1679
al118508.1,1680
al512363.1,1681
ac091152.4,1682
zbtb11-as1,1683
ac010336.1,1684
ints6-as1,1685
ac093525.7,1686
hnf1a-as1,1687
ac015853.2,1688
al606834.1,1689
al157871.6,1690
tollip-as1,1691
znf503-as1,1692
ac103808.4,1693
linc01856,1694
ac027644.3,1695
al928654.1,1696
ac114763.1,1697
ac009501.1,1698
ap004609.3,1699
mir583hg,1700
ac007319.1,1701
ac005703.6,1702
ac005394.2,1703
ac010503.4,1704
z99129.4,1705
ac093424.1,1706
map3k20,1707
ap002761.4,1708
ac083806.2,1709
al731537.1,1710
ac011445.1,1711
apcdd1l-as1,1712
al133325.3,1713
fam155a-it1,1714
ac046158.2,1715
ac131532.1,1716
tmem254-as1,1717
linc00863,1718
linc02407,1719
ac087683.2,1720
ac007359.1,1721
kcnh1-it1,1722
ctd-2337j16.1,1723
ac087481.3,1724
ac003957.1,1725
ac142472.1,1726
lef1-as1,1727
snhg8,1728
ac092828.1,1729
ac012557.2,1730
fgd5-as1,1731
cd27-as1,1732
linc01671,1733
tsc22d1-as1,1734
al157394.1,1735
spint1-as1,1736
ac084809.2,1737
ac009902.2,1738
dtx2p1-upk3bp1-pms2p11,1739
ac021504.1,1740
ac004816.1,1741
linc02476,1742
al161938.1,1743
ac055860.1,1744
ac090181.1,1745
ac015813.5,1746
ac003681.1,1747
ac064799.2,1748
rp11-337c18.9,1749
ac093323.2,1750
ap001922.3,1751
ac106038.1,1752
ac093827.4,1753
ac016493.1,1754
gtf3c2-as1,1755
hmgn3-as1,1756
al136164.3,1757
hdhd5-as1,1758
rnaseh1-as1,1759
linc00491,1760
ac009720.1,1761
ac125257.1,1762
ac004852.2,1763
ac013436.1,1764
u47924.1,1765
ac100778.1,1766
ac068205.2,1767
ac005537.1,1768
al731577.2,1769
al645465.1,1770
al121761.2,1771
linc01291,1772
linc01979,1773
al133481.1,1774
ac104109.4,1775
al079343.1,1776
ac018761.3,1777
ac022144.1,1778
ac017048.3,1779
ac022021.1,1780
linc01929,1781
ap001816.1,1782
ac092725.1,1783
ac027544.2,1784
ac231533.1,1785
ac135050.6,1786
ac099508.2,1787
ac145285.6,1788
ac104791.2,1789
linc01962,1790
pou3f3,1791
ac090579.1,1792
ac022098.1,1793
ac024580.1,1794
ac093677.2,1795
ac018953.1,1796
ac025569.1,1797
al583810.1,1798
cox10-as1,1799
mir193bhg,1800
tspan9-it1,1801
al049840.5,1802
al162413.1,1803
mir34ahg,1804
ac087612.1,1805
c1rl-as1,1806
ac105760.2,1807
ac108134.2,1808
al031673.1,1809
al357568.1,1810
al358472.4,1811
linc02069,1812
ac136624.1,1813
z83843.1,1814
ac008759.3,1815
ac010519.1,1816
linc01320,1817
ac107958.3,1818
ac073862.1,1819
st8sia6-as1,1820
ap000894.4,1821
ac090260.1,1822
ac007744.1,1823
ac010619.2,1824
ac013652.1,1825
ac020916.1,1826
paupar,1827
linc01441,1828
ac073343.2,1829
miatnb,1830
ac011498.2,1831
al121672.2,1832
al050303.4,1833
ac093278.2,1834
ac022532.1,1835
cdkn2b-as1,1836
al353708.3,1837
linc02538,1838
mir29b2chg,1839
linc01393,1840
al033543.1,1841
al354813.1,1842
ap000525.1,1843
ac079610.2,1844
ac134349.1,1845
depdc1-as1,1846
ac020663.1,1847
af131215.3,1848
al022344.2,1849
linc00958,1850
mir99ahg,1851
ac005224.4,1852
ac079416.3,1853
ac106818.1,1854
zeb2-as1,1855
ac067930.1,1856
ap002800.1,1857
ac002128.1,1858
dnajc27-as1,1859
ac006153.1,1860
ac090559.2,1861
ac004231.1,1862
ac092384.3,1863
ac022364.1,1864
al049840.3,1865
linc01359,1866
wac-as1,1867
linc01801,1868
dancr,1869
ac084117.1,1870
ac040169.3,1871
ac021087.3,1872
al450992.2,1873
ap000350.5,1874
al117209.1,1875
ac134043.1,1876
wasir2,1877
ac092295.2,1878
ap001029.2,1879
ac011498.7,1880
snhg1,1881
ap000253.1,1882
ac020915.3,1883
z97055.2,1884
ac009005.1,1885
ap003117.2,1886
ac010809.2,1887
al049875.1,1888
ac007996.1,1889
ac092718.4,1890
fbxw7-as1,1891
ac253536.6,1892
ac073611.1,1893
linc02197,1894
ac008079.2,1895
ac005332.7,1896
ap001324.3,1897
ubac2-as1,1898
linc02195,1899
al132656.3,1900
ac138625.2,1901
ac113189.4,1902
ac093297.2,1903
ac127164.1,1904
ac020928.1,1905
al627309.3,1906
linc00996,1907
magi2-as3,1908
ac023644.1,1909
ac017002.1,1910
ac055822.1,1911
ac095055.1,1912
ac093591.2,1913
ac004951.4,1914
ac008467.1,1915
linc02344,1916
ac012676.5,1917
ac008741.2,1918
linc00937,1919
ac121342.1,1920
fam30a,1921
agap11,1922
ac005410.1,1923
ac002470.2,1924
ac108727.1,1925
ac100800.1,1926
ac091825.1,1927
ac008915.2,1928
ac005828.1,1929
al122035.1,1930
ac018635.2,1931
ac078795.2,1932
ac012363.2,1933
linc00052,1934
ac015726.1,1935
ac114810.1,1936
ac124319.1,1937
al020997.2,1938
ac012317.2,1939
ac100832.2,1940
ptov1-as1,1941
al135999.1,1942
ac000068.1,1943
al135936.1,1944
cebpa-as1,1945
st7-ot4,1946
zbtb40-it1,1947
ac012617.1,1948
ac239799.2,1949
al590326.1,1950
ac007878.1,1951
linc00520,1952
al355075.4,1953
ac097103.2,1954
al353708.2,1955
al356274.2,1956
ac007673.1,1957
ap001107.6,1958
ac008894.3,1959
linc01550,1960
al359513.1,1961
meg3,1962
ac027796.1,1963
ac018797.2,1964
trim52-as1,1965
ac234917.1,1966
ac139887.1,1967
mir3179-2,1968
terc,1969
ac126696.3,1970
alms1-it1,1971
ac010327.5,1972
ac067852.1,1973
nrav,1974
linc00534,1975
mir100hg,1976
ac005726.3,1977
ac023824.1,1978
ap000997.2,1979
ac090181.2,1980
ac019131.2,1981
linc01719,1982
fam99a,1983
ac002467.1,1984
clstn2-as1,1985
ac130456.3,1986
ac144450.1,1987
linc00514,1988
ac058791.1,1989
uckl1-as1,1990
ac022150.4,1991
ac090136.3,1992
ac016405.3,1993
trhde-as1,1994
mir133a1hg,1995
al139289.2,1996
al162586.1,1997
tbc1d8-as1,1998
al607033.1,1999
ap000240.1,2000
ac006435.3,2001
ac009779.2,2002
linc00333,2003
ac126121.2,2004
ac107419.1,2005
ac135178.5,2006
al121768.1,2007
ac005519.1,2008
al138799.2,2009
gmds-as1,2010
linc02055,2011
tymsos,2012
ac010615.2,2013
bach1-it2,2014
al391244.1,2015
al133216.1,2016
al513548.1,2017
linc01395,2018
ac069185.1,2019
ac074194.1,2020
ac242426.3,2021
catip-as1,2022
srrm2-as1,2023
ac025031.4,2024
ac010271.1,2025
ac116407.4,2026
al596094.1,2027
ac010478.1,2028
al035078.1,2029
zdhhc20-it1,2030
ac018628.1,2031
ac011511.5,2032
ac093525.6,2033
ac084824.3,2034
linc00301,2035
ac104667.2,2036
al049765.1,2037
al645608.1,2038
slc25a5-as1,2039
ac092821.3,2040
rp11-312o7.2,2041
ac099329.1,2042
ac079296.1,2043
a1bg-as1,2044
al024508.2,2045
al161431.1,2046
slc14a2-as1,2047
mir155hg,2048
part1,2049
linc01247,2050
linc02547,2051
linc00160,2052
ac092171.5,2053
ac090340.1,2054
ctc-550b14.8,2055
ac009163.7,2056
ac009299.3,2057
u62317.4,2058
al512506.2,2059
ac079630.1,2060
linc01772,2061
ac012640.2,2062
cebpb-as1,2063
fut8-as1,2064
af111169.3,2065
rnf139-as1,2066
linc01597,2067
al592464.2,2068
al645728.1,2069
gyg2-as1,2070
h1fx-as1,2071
linc01725,2072
linc01559,2073
ac087289.1,2074
ac234772.2,2075
al390036.1,2076
linc02505,2077
linc02170,2078
linc01004,2079
ac019226.2,2080
al365199.1,2081
ac124016.2,2082
al139385.1,2083
linc02432,2084
ac245595.1,2085
tnfrsf14-as1,2086
gata6-as1,2087
linc01703,2088
ac079174.2,2089
linc00538,2090
nalt1,2091
cu639417.4,2092
ap000873.2,2093
ac145285.2,2094
ac113418.1,2095
al138720.1,2096
ac113189.3,2097
idh1-as1,2098
kif25-as1,2099
al359878.1,2100
rab30-as1,2101
ac007938.2,2102
ac009226.1,2103
z97832.2,2104
ac004019.18,2105
olmalinc,2106
ac091769.2,2107
ac128689.1,2108
ac011477.4,2109
al132656.2,2110
al390961.3,2111
ac016831.5,2112
snhg9,2113
z97986.1,2114
ac137767.1,2115
ac096636.1,2116
ac111170.2,2117
ac036108.3,2118
lmcd1-as1,2119
al669831.5,2120
gacat1,2121
ac012507.2,2122
al136526.1,2123
linc00910,2124
al691447.2,2125
ac120114.4,2126
ac073578.2,2127
ac099489.3,2128
ac106864.1,2129
linc00893,2130
linc01431,2131
ac009365.2,2132
ac012645.1,2133
ac021016.3,2134
ac007681.1,2135
ap000424.1,2136
cytor,2137
sencr,2138
al391834.1,2139
ac141586.5,2140
ac025766.1,2141
ac131212.2,2142
al158090.1,2143
eri3-it1,2144
ac068633.1,2145
al080317.1,2146
linc00167,2147
ac108463.3,2148
clrn1-as1,2149
al353803.4,2150
gabpb1-as1,2151
linc00921,2152
rfx3-as1,2153
sdcbp2-as1,2154
ac120036.4,2155
rp11-417j8.6,2156
linc02015,2157
ac074032.1,2158
al031595.2,2159
ac104129.1,2160
al731533.2,2161
arhgap5-as1,2162
al132780.5,2163
al356056.3,2164
ac026368.1,2165
ac233702.9,2166
al358334.2,2167
ac021092.1,2168
ap001094.2,2169
ap003032.2,2170
ac015802.4,2171
nr2f2-as1,2172
ac068790.3,2173
ac021766.1,2174
mycnos,2175
ac008750.2,2176
ac093752.2,2177
al645608.7,2178
ap000446.1,2179
linc00462,2180
ac139887.2,2181
ac099568.2,2182
ac008969.1,2183
hoxa10-as,2184
linc02288,2185
ap003555.1,2186
dhrs4-as1,2187
ac021078.1,2188
ac106047.1,2189
al157938.3,2190
linc00482,2191
linc01608,2192
al122017.1,2193
cers6-as1,2194
linc00887,2195
gprc5d-as1,2196
slc25a25-as1,2197
al031666.3,2198
ac115284.1,2199
af064858.1,2200
ac005261.3,2201
ac025280.2,2202
ac097512.1,2203
al133516.1,2204
far1-it1,2205
ndufv2-as1,2206
al442125.1,2207
al359852.1,2208
dlx6-as1,2209
ac021188.1,2210
sgo1-as1,2211
ap000845.1,2212
ap000873.4,2213
ier3-as1,2214
dip2a-it1,2215
linc01227,2216
rad51-as1,2217
ac110769.2,2218
al162231.2,2219
prkcq-as1,2220
ac125616.1,2221
ac004069.1,2222
znf460-as1,2223
linc01564,2224
ac107884.1,2225
linc02507,2226
lucat1,2227
ac104984.5,2228
al513314.2,2229
rp11-782c8.3,2230
ac008074.3,2231
rasa3-it1,2232
ac092802.3,2233
linc00842,2234
al139286.2,2235
ac005332.5,2236
al355076.2,2237
al358072.1,2238
mir222hg,2239
ac140481.3,2240
al035587.1,2241
dlx2-as1,2242
al162727.3,2243
al390755.1,2244
linc00441,2245
ac018809.1,2246
al391244.3,2247
rp5-850o15.4,2248
ac115618.3,2249
kmt2e-as1,2250
mir22hg,2251
al450344.3,2252
al359711.2,2253
ac245884.11,2254
sox9-as1,2255
ac012531.1,2256
ac015802.1,2257
ac079061.1,2258
al161756.1,2259
id2-as1,2260
prkg1-as1,2261
al049780.3,2262
ac004148.2,2263
rhpn1-as1,2264
dm1-as,2265
prkcz-as1,2266
linc00843,2267
ac006206.1,2268
ac011453.1,2269
atxn8os,2270
ac100827.3,2271
al391069.4,2272
ac051619.8,2273
ac069222.1,2274
linc00839,2275
al031686.1,2276
ap001993.1,2277
ac124045.1,2278
ap003471.1,2279
ac015712.1,2280
haglr,2281
linc02128,2282
nptn-it1,2283
scgb1b2p,2284
c17orf102,2285
ac092910.3,2286
ac010186.4,2287
ac091153.3,2288
ac007342.7,2289
ac012313.7,2290
ac027348.1,2291
al161668.3,2292
ac024575.1,2293
linc01602,2294
linc00240,2295
linc01260,2296
ac027290.2,2297
zbed3-as1,2298
linc00664,2299
ap002449.1,2300
ac078852.2,2301
ac022400.7,2302
ac010636.2,2303
cpeb1-as1,2304
linc01534,2305
ac103702.1,2306
ac012073.1,2307
ac063926.3,2308
pik3cd-as2,2309
dbh-as1,2310
hexa-as1,2311
ac006077.2,2312
ac011461.1,2313
ac026271.3,2314
al137856.1,2315
ac090673.1,2316
bx546450.2,2317
linc01433,2318
ac105339.2,2319
ac098850.4,2320
rrs1-as1,2321
ac106820.4,2322
al162431.2,2323
fam225a,2324
al034397.3,2325
dennd6a-dt,2326
ac104791.1,2327
linc00484,2328
meltf-as1,2329
ac008895.1,2330
ac007336.3,2331
ac004692.2,2332
ac012313.8,2333
dnm3os,2334
z93241.1,2335
ac239868.3,2336
ac073529.1,2337
ac226118.1,2338
ap001469.2,2339
ac005304.2,2340
tnk2-as1,2341
rp11-65i12.1,2342
ap001541.1,2343
ac036176.3,2344
ac139491.2,2345
slc16a1-as1,2346
hoxa-as2,2347
linc02198,2348
ac074386.1,2349
al355987.4,2350
actn1-as1,2351
lhfpl3-as2,2352
ac113423.2,2353
ac051619.7,2354
ac109635.2,2355
ac048344.4,2356
ac098864.1,2357
ac084757.4,2358
gusbp11,2359
ac008033.3,2360
mir762hg,2361
tdrg1,2362
ac084125.2,2363
fam230b,2364
ap002967.1,2365
c9orf139,2366
al158066.1,2367
ac027682.1,2368
ac025287.3,2369
nppa-as1,2370
ac004846.2,2371
linc00501,2372
linc00375,2373
ac091060.1,2374
ap003025.1,2375
ac005520.3,2376
al163051.2,2377
ac130650.2,2378
ac048341.1,2379
ac027307.2,2380
al136164.2,2381
linc01257,2382
ac068491.3,2383
ap001062.1,2384
ap000347.2,2385
af131216.3,2386
linc0086,2387
ac127024.5,2388
n4bp2l2-it2,2389
al136982.7,2390
al138820.1,2391
tmpo-as1,2392
ac016026.1,2393
ac015813.6,2394
bx890604.1,2395
tfap2a-as1,2396
linc02027,2397
vash1-as1,2398
ac139099.1,2399
ac105074.1,2400
al022322.1,2401
ac079988.1,2402
linc01333,2403
ac026740.1,2404
tnrc6c-as1,2405
carmn,2406
linc01376,2407
ac009022.1,2408
ap000688.4,2409
al358472.3,2410
linc01087,2411
al390728.6,2412
al162377.1,2413
psmb8-as1,2414
hcp5,2415
al117378.1,2416
linc-pint,2417
ac100814.1,2418
linc01310,2419
sepsecs-as1,2420
ac106028.3,2421
rap2c-as1,2422
ap000695.1,2423
nr2f1-as1,2424
al513497.1,2425
ppp1r26-as1,2426
c21orf62-as1,2427
af127936.1,2428
al353719.1,2429
ac079193.2,2430
ac005480.1,2431
ac023157.3,2432
ac002059.1,2433
ac020978.1,2434
ac020763.2,2435
ac105206.1,2436
al008718.2,2437
al049775.1,2438
ac010864.1,2439
linc01055,2440
ac015656.1,2441
thap7-as1,2442
linc01798,2443
ap005329.3,2444
al162231.4,2445
ac008105.3,2446
al162258.2,2447
ac006504.8,2448
af106564.1,2449
c18orf65,2450
scoc-as1,2451
ac097634.1,2452
al135785.1,2453
bx284668.6,2454
ac007598.3,2455
ac013564.1,2456
linc01995,2457
ac099681.3,2458
ac233992.1,2459
linc02466,2460
ac018904.2,2461
al049539.1,2462
al731569.1,2463
snhg15,2464
al353795.2,2465
ac009119.1,2466
ac012676.3,2467
ac084346.2,2468
mir9-3hg,2469
ebln3p,2470
ac025171.2,2471
ac034229.4,2472
ac026356.1,2473
baalc-as1,2474
nol4l-dt,2475
ap006621.3,2476
snhg26,2477
al355338.1,2478
linc00707,2479
al137782.1,2480
lhx5-as1,2481
ac005993.1,2482
rpph1,2483
kcnma1-as1,2484
nkila,2485
ac007342.1,2486
ptprg-as1,2487
sp2-as1,2488
ac093525.9,2489
al390728.5,2490
ac104088.1,2491
ac090425.1,2492
ac079915.1,2493
z82186.1,2494
al158071.4,2495
ac233266.2,2496
u47924.2,2497
ap001372.2,2498
ac009269.4,2499
linc02202,2500
ap001107.9,2501
ac007881.3,2502
linc01630,2503
ac107993.1,2504
ac116407.1,2505
ac017002.6,2506
linc02180,2507
pwar5,2508
lgals8-as1,2509
linc01714,2510
ac091230.1,2511
ac009902.3,2512
linc02575,2513
mmp25-as1,2514
scamp1-as1,2515
c5orf17,2516
linc01834,2517
sbf2-as1,2518
tdrkh-as1,2519
ac121338.2,2520
linc01649,2521
ac009121.2,2522
linc01722,2523
al161908.1,2524
al355916.1,2525
ac025031.3,2526
klf7-it1,2527
ac013268.5,2528
ac105105.1,2529
hoxb-as3,2530
nop14-as1,2531
ac083805.1,2532
ac090607.3,2533
pkp4-as1,2534
ac007952.4,2535
al359220.1,2536
linc02535,2537
ac090220.1,2538
al024508.1,2539
srp14-as1,2540
al445493.2,2541
linc00943,2542
spag5-as1,2543
ac080013.1,2544
ac024060.1,2545
iqch-as1,2546
linc00304,2547
usp3-as1,2548
ac015660.5,2549
ac025048.4,2550
z93403.1,2551
pcgem1,2552
ac125807.2,2553
ac138932.5,2554
ac135279.3,2555
ac008966.1,2556
z92544.2,2557
linc01481,2558
linc01140,2559
ac005972.1,2560
ap003469.4,2561
ac104958.2,2562
ac122694.1,2563
ac009403.1,2564
linc00567,2565
ac008494.3,2566
ac067817.1,2567
ap001642.1,2568
al138756.1,2569
c10orf25,2570
stard4-as1,2571
ac034231.1,2572
ac004596.1,2573
ac233992.3,2574
al353759.1,2575
ac026979.2,2576
al157832.1,2577
ap000769.2,2578
scarna9,2579
camta1,2580
ac112496.1,2581
linc00922,2582
ac120498.1,2583
ac011481.3,2584
al157895.1,2585
ttn-as1,2586
ac020922.3,2587
ac009032.1,2588
ac112220.3,2589
ap006222.1,2590
linc01197,2591
prncr1,2592
ac093227.1,2593
ac067750.1,2594
ac135782.1,2595
ac079354.1,2596
ac113386.1,2597
dio3os,2598
linc00312,2599
armcx5-gprasp2,2600
hcg11,2601
bx284668.2,2602
ac092171.3,2603
ac092667.1,2604
ac026471.6,2605
ac005301.1,2606
ac087289.5,2607
ac073133.2,2608
rp6-206i17.2,2609
linc01011,2610
asap1-it2,2611
al160290.2,2612
tram2-as1,2613
ac011369.2,2614
al162426.1,2615
ac005082.1,2616
ap001189.6,2617
krtap5-as1,2618
al662907.1,2619
ac008147.2,2620
al078645.1,2621
ac099811.5,2622
mzf1-as1,2623
ac018638.7,2624
prickle2-as1,2625
ac008738.2,2626
rbm5-as1,2627
al365361.1,2628
ac008080.1,2629
zbtb20-as1,2630
ac068473.3,2631
ac114401.1,2632
ac105137.2,2633
fam66c,2634
al139288.1,2635
al080250.1,2636
matn1-as1,2637
ap003108.1,2638
c1orf147,2639
ac099487.1,2640
al356356.1,2641
al133243.4,2642
ac023509.1,2643
ac007161.3,2644
ac011921.1,2645
linc01485,2646
linc00271,2647
ac016747.4,2648
gabpb1-it1,2649
ac048382.2,2650
ac093726.1,2651
linc02516,2652
al160314.2,2653
sept4-as1,2654
ac024267.1,2655
af111167.1,2656
ac131212.3,2657
agap1-it1,2658
tspear-as2,2659
al353795.3,2660
ac105114.1,2661
stx17-as1,2662
card8-as1,2663
itpk1-as1,2664
ac009962.1,2665
lamtor5-as1,2666
linc01579,2667
ac027601.5,2668
linc02307,2669
limd1-as1,2670
jpx,2671
linc01219,2672
ac069528.2,2673
al135960.1,2674
linc01122,2675
ap000662.1,2676
ac006455.4,2677
ac012467.2,2678
al163051.1,2679
linc00852,2680
ap001160.3,2681
ac008770.3,2682
purpl,2683
ac021683.2,2684
ac087482.1,2685
al683813.1,2686
ac083837.1,2687
ac008040.1,2688
al157700.1,2689
tbc1d3p1-dhx40p1,2690
npsr1-as1,2691
z95331.1,2692
ac007406.5,2693
rassf1-as1,2694
ac118758.3,2695
al512413.1,2696
neat1,2697
ac092375.2,2698
ap003716.1,2699
sox21-as1,2700
ac092338.2,2701
norad,2702
ac087284.1,2703
ac012181.1,2704
linc00470,2705
ac079781.5,2706
ac015883.1,2707
al359317.2,2708
c18orf15,2709
ac144548.1,2710
ac016575.1,2711
pwrn1,2712
ac002127.2,2713
pacrg-as3,2714
ac239800.3,2715
al137247.1,2716
ac005540.1,2717
al139383.1,2718
mir205hg,2719
ac005253.2,2720
rp11-838n2.4,2721
ac092127.1,2722
linc01012,2723
u95743.1,2724
mkln1-as,2725
linc00299,2726
tapt1-as1,2727
smim25,2728
linc00519,2729
linc01063,2730
ac027279.4,2731
ppp1r12a-as1,2732
ac016586.1,2733
ac126768.2,2734
ac103702.2,2735
al137145.1,2736
al356488.3,2737
jmjd1c-as1,2738
ac005746.1,2739
ac022400.3,2740
al606760.1,2741
ttc21b-as1,2742
al928654.4,2743
add3-as1,2744
al591623.1,2745
ac109588.1,2746
epb41l4a-as1,2747
linc01907,2748
picsar,2749
al512791.2,2750
ac106886.4,2751
ac010328.1,2752
al596211.1,2753
ap003068.1,2754
pvt1,2755
ac120349.2,2756
ac004943.1,2757
al157714.2,2758
al645939.2,2759
ac093673.1,2760
gng12-as1,2761
ac040977.1,2762
linc00526,2763
mir4500hg,2764
ac099811.1,2765
ap005131.4,2766
ac007749.1,2767
itfg1-as1,2768
ac087501.4,2769
rp1-178f10.3,2770
ap001020.2,2771
al133215.1,2772
har1b,2773
linc01498,2774
ac069281.2,2775
al513477.2,2776
linc01872,2777
al109804.1,2778
ac012494.1,2779
al021707.7,2780
linc00511,2781
tpt1-as1,2782
c5orf66,2783
al158835.1,2784
linc01771,2785
ac004492.1,2786
ac008870.4,2787
linc02256,2788
ac015849.5,2789
al162724.1,2790
rdh10-as1,2791
ac016876.1,2792
ac008115.3,2793
al683887.1,2794
ac079089.1,2795
ac007879.3,2796
ap002336.1,2797
ac016526.2,2798
ac139491.1,2799
ac240565.1,2800
al590428.1,2801
ac008243.1,2802
rp11-640m9.1,2803
ac073911.2,2804
fam212b-as1,2805
mir646hg,2806
al591895.1,2807
linc00659,2808
al136309.2,2809
ac021739.3,2810
emx2os,2811
linc01489,2812
nfia-as2,2813
ac093503.1,2814
ac011511.2,2815
al157871.5,2816
ac004895.1,2817
ac093010.3,2818
ac068875.1,2819
ap002748.3,2820
al031667.3,2821
rc3h1-it1,2822
linc02321,2823
ac002064.3,2824
al133355.1,2825
azin1-as1,2826
ac244093.4,2827
kdm4a-as1,2828
ac095060.1,2829
linc01747,2830
ac022201.1,2831
hand2-as1,2832
prr29-as1,2833
ac124283.3,2834
ac002094.1,2835
ac093627.4,2836
ac108002.3,2837
al365181.3,2838
ac083799.1,2839
linc02116,2840
morf4l2-as1,2841
al137129.1,2842
ac010997.4,2843
al139424.1,2844
ac005089.1,2845
ac015849.4,2846
ac006213.4,2847
mir548xhg,2848
ac011479.2,2849
ac092471.2,2850
ac025524.2,2851
linc02381,2852
ac015878.2,2853
otud6b-as1,2854
bbox1-as1,2855
al034417.2,2856
igfl2-as1,2857
bx255923.3,2858
ac007773.1,2859
ac106744.1,2860
ac011484.1,2861
ac009052.1,2862
ac079160.1,2863
ac134407.3,2864
ac012048.1,2865
ac037450.1,2866
ac096921.2,2867
c8orf34-as1,2868
ac137630.3,2869
foxn3-as1,2870
ac073283.2,2871
ac003101.1,2872
linc00106,2873
ac109347.1,2874
linc01473,2875
ac015563.2,2876
psma3-as1,2877
ac005288.1,2878
ac117490.2,2879
snhg17,2880
sox2-ot,2881
ap000936.1,2882
ac008806.1,2883
ac093001.1,2884
linc00944,2885
ac099343.2,2886
ac005197.1,2887
al033384.1,2888
linc00273,2889
al117190.1,2890
al590627.2,2891
afdn-dt,2892
ac009108.4,2893
rp11-395b7.2,2894
linc01124,2895
al078621.3,2896
al021068.1,2897
ap000233.2,2898
al390294.1,2899
c1orf220,2900
al021578.1,2901
ap001065.2,2902
linc01999,2903
ac130895.1,2904
ac015917.2,2905
paxip1-as2,2906
slx1a-sult1a3,2907
ac116407.2,2908
ac116366.1,2909
linc01620,2910
pcat6,2911
ac138150.1,2912
linc00941,2913
ac011611.3,2914
ap000892.3,2915
rora-as2,2916
al441992.1,2917
al359538.1,2918
ac092143.3,2919
al359915.1,2920
ac068870.2,2921
ac005618.1,2922
ac060814.3,2923
ac090825.1,2924
linc01372,2925
ac107983.2,2926
al590004.4,2927
ac098649.1,2928
ac012360.3,2929
peg13,2930
al138787.2,2931
hipk1-as1,2932
ac141424.1,2933
ap005131.7,2934
ac090114.2,2935
ac016542.2,2936
ac019080.5,2937
al360091.2,2938
ac023794.7,2939
znf337-as1,2940
ac006504.2,2941
al360014.1,2942
ac113192.1,2943
linc00641,2944
ac016888.1,2945
ac004918.3,2946
ac138932.2,2947
ac008175.1,2948
ap001350.2,2949
al662844.4,2950
ac239798.2,2951
al160286.2,2952
al133367.1,2953
ac019080.1,2954
al034374.1,2955
al451074.2,2956
ac073508.3,2957
bace1-as,2958
ac007389.3,2959
ac004943.2,2960
ctd-2537i9.5,2961
pink1-as,2962
snhg4,2963
al031710.2,2964
ac064807.1,2965
ac018816.1,2966
dlg1-as1,2967
linc00205,2968
al021368.2,2969
linc01193,2970
linc02475,2971
ac098613.1,2972
al627309.1,2973
ugdh-as1,2974
ac004918.1,2975
ac044784.2,2976
linc02323,2977
zfas1,2978
col4a2-as2,2979
linc01224,2980
ac023310.4,2981
ac068888.1,2982
vim-as1,2983
ac111170.3,2984
ac096564.2,2985
ac000120.1,2986
ddx11-as1,2987
eloa-as1,2988
itga9-as1,2989
ac016405.1,2990
cyp51a1-as1,2991
linc01001,2992
ac092068.3,2993
ac109361.1,2994
ac091133.3,2995
ac068790.9,2996
erich3-as1,2997
ac012186.2,2998
stat3,2999
linc01138,3000
ac004224.2,3001
ac006511.5,3002
ac004585.1,3003
linc01419,3004
ac010969.2,3005
ac022405.1,3006
al365203.2,3007
grm5-as1,3008
linc01669,3009
al078644.2,3010
z99127.1,3011
al118558.3,3012
uba6-as1,3013
ac093388.1,3014
linc01238,3015
al133338.1,3016
gas6-as2,3017
ac005162.3,3018
al360091.1,3019
al132857.1,3020
fer1l6-as2,3021
al596202.1,3022
tbx5-as1,3023
ac011471.3,3024
al136984.1,3025
al590822.1,3026
paxbp1-as1,3027
al133243.3,3028
ac008555.8,3029
al121827.2,3030
ac095059.1,3031
znf793-as1,3032
al359095.1,3033
al390726.4,3034
ac145207.9,3035
ac022306.2,3036
ap002360.3,3037
ac111152.2,3038
al451050.2,3039
ac015813.1,3040
al356118.1,3041
ac068888.2,3042
ac021054.1,3043
al606534.1,3044
mirlet7bhg,3045
ptov1-as2,3046
ac005261.1,3047
ac016700.3,3048
tuba3fp,3049
ac011476.3,3050
acvr2b-as1,3051
ac040160.1,3052
al136419.1,3053
dnajc3-as1,3054
ac139795.3,3055
ac007349.2,3056
z98883.1,3057
ac012555.1,3058
ac245060.5,3059
znf561-as1,3060
ac007191.1,3061
ac093895.1,3062
linc01220,3063
ac010618.3,3064
rapgef4-as1,3065
al139317.3,3066
linc01978,3067
ac118345.1,3068
ap002358.1,3069
casc9,3070
ac093019.2,3071
al139287.1,3072
ac009126.1,3073
al162311.1,3074
u62317.5,3075
linc01465,3076
ac073592.3,3077
ac011939.2,3078
ac004232.2,3079
snhg5,3080
ac087521.1,3081
adamts9-as2,3082
al139384.2,3083
ac004080.6,3084
linc00882,3085
linc01553,3086
ac010336.5,3087
ac232271.1,3088
al132780.4,3089
krt7-as,3090
linc00639,3091
ac004908.3,3092
al157838.1,3093
baiap2-as1,3094
rp4-761j14.8,3095
linc00384,3096
linc01896,3097
ac068756.1,3098
ap000577.1,3099
bcyrn1,3100
ac244517.1,3101
c22orf34,3102
ap000692.1,3103
al513412.1,3104
atp6v1b1-as1,3105
linc00982,3106
ac234582.2,3107
ac132192.2,3108
al356599.1,3109
ccdc13-as1,3110
ac004908.2,3111
ac007952.6,3112
ac244502.1,3113
al391988.1,3114
linc01934,3115
ac107068.1,3116
ash1l-it1,3117
linc00865,3118
al591848.4,3119
ac020910.6,3120
ac009271.1,3121
linc02531,3122
pcat18,3123
al121894.2,3124
ac110285.6,3125
ac135776.1,3126
oser1-as1,3127
ac011773.4,3128
ac073592.5,3129
linc01547,3130
ac005785.1,3131
ac007036.3,3132
stag3l5p-pvrig2p-pilrb,3133
ac025594.3,3134
ac107375.1,3135
ac016907.2,3136
ac245014.1,3137
ac020978.4,3138
ac025279.1,3139
af254983.1,3140
al080317.2,3141
ac010809.1,3142
oxct1-as1,3143
mir200chg,3144
ac090948.1,3145
ac156455.1,3146
al132655.1,3147
ac239804.1,3148
ac104623.2,3149
ap001476.3,3150
ac026362.1,3151
ac005586.2,3152
ac084824.5,3153
ac105105.2,3154
acta2-as1,3155
ac022336.2,3156
ac007557.3,3157
ac027801.1,3158
al121832.3,3159
ac010328.3,3160
al590094.1,3161
ac005736.1,3162
al021392.1,3163
al078639.1,3164
ap003774.4,3165
al158152.1,3166
livar,3167
ac094104.1,3168
ac108451.2,3169
dnajb8-as1,3170
linc00284,3171
ac008738.7,3172
linc01301,3173
linc02478,3174
eaf1-as1,3175
ac124242.1,3176
rbfadn,3177
ac090517.2,3178
ac112495.1,3179
ac007546.1,3180
otx2-as1,3181
al845472.1,3182
gas5,3183
ac005696.1,3184
linc00488,3185
al590705.3,3186
hoxa11-as,3187
mir4697hg,3188
tarid,3189
ac092645.1,3190
al158847.1,3191
rerg-it1,3192
al034546.1,3193
brwd1-it1,3194
ac010255.1,3195
linc00939,3196
linc02305,3197
ac007570.1,3198
al390726.3,3199
ac130686.1,3200
al845472.2,3201
ac007557.2,3202
ap003392.4,3203
gpr158-as1,3204
tusc8,3205
ac020928.2,3206
ac126773.4,3207
ac092127.2,3208
ac068473.5,3209
linc00564,3210
al355490.1,3211
ac005736.3,3212
ac015818.8,3213
dnah17-as1,3214
mcph1-as1,3215
dleu2l,3216
ac135776.4,3217
ac009078.3,3218
ac092614.1,3219
ap001628.1,3220
ac018648.1,3221
linc00667,3222
al031432.1,3223
ac010890.1,3224
usp46-as1,3225
zscan16-as1,3226
cryzl2p-sec16b,3227
al512274.1,3228
ac005393.1,3229
al355472.4,3230
ac092809.4,3231
ac002116.1,3232
rgpd4-as1,3233
ac104825.1,3234
ac016027.2,3235
ac117503.2,3236
ac147651.1,3237
snhg3,3238
rmst,3239
ac005391.1,3240
ap001437.1,3241
ac090502.1,3242
ac104521.1,3243
kirrel3-as3,3244
ac009630.2,3245
linc00847,3246
ac132938.5,3247
ac093330.2,3248
linc02362,3249
al137003.2,3250
al133370.1,3251
pcat7,3252
bach1-it1,3253
fmr1-it1,3254
ac090001.1,3255
ac106712.1,3256
linc01969,3257
ac025265.3,3258
fezf1-as1,3259
ac016710.1,3260
firre,3261
al589740.1,3262
al359880.1,3263
ac021483.2,3264
linc00544,3265
rnf219-as1,3266
af230666.2,3267
al139011.1,3268
ac104118.1,3269
ac015971.1,3270
al355578.1,3271
ac138028.6,3272
ac012146.1,3273
ac090772.3,3274
aj239328.1,3275
ac009035.1,3276
ac110048.2,3277
linc02393,3278
ac091271.1,3279
ac090181.3,3280
ac096576.2,3281
snai3-as1,3282
ac084018.2,3283
ap000821.1,3284
linc02193,3285
ac015712.6,3286
ac108449.2,3287
linc01450,3288
zbtb20-as5,3289
af131215.2,3290
fam239a,3291
ac091946.2,3292
asb16-as1,3293
ap001157.1,3294
linc01503,3295
ac243964.3,3296
ac073957.3,3297
ac003973.3,3298
linc00174,3299
al590705.1,3300
ac021097.1,3301
atb,3302
ac020656.2,3303
zbed5-as1,3304
znf426-dt,3305
al662799.1,3306
prins,3307
ac008393.1,3308
ac008073.2,3309
ac110619.1,3310
mcf2l-as1,3311
z85994.1,3312
al022069.1,3313
ac026471.4,3314
ac006504.5,3315
ac016583.1,3316
linc00473,3317
hcg15,3318
znf667-as1,3319
linc02122,3320
ac027682.5,3321
ac254633.1,3322
al158209.1,3323
kif9-as1,3324
ac138904.1,3325
al606834.2,3326
rp11-423o2.5,3327
ctb-89h12.4,3328
linc00691,3329
rab11b-as1,3330
ctc-471f3.6,3331
ac087392.3,3332
al359924.1,3333
ac027097.1,3334
ac026124.2,3335
lzts1-as1,3336
ac060766.7,3337
snhg20,3338
ac132938.1,3339
nfyc-as1,3340
ac018755.4,3341
ac244034.3,3342
dact3-as1,3343
ap000766.1,3344
al021877.2,3345
bcdin3d-as1,3346
al133353.1,3347
linc00891,3348
ac018529.3,3349
linc02298,3350
rmrp,3351
synj2-it1,3352
ac092653.2,3353
ac008781.3,3354
dgcr12,3355
ac027117.1,3356
al133467.2,3357
al356299.2,3358
al121890.4,3359
ac073188.4,3360
rsu1p2,3361
c9orf106,3362
linc02247,3363
ac007906.1,3364
prr7-as1,3365
linc02367,3366
ac022087.1,3367
linc00483,3368
sh3rf3-as1,3369
ac068448.1,3370
al132780.1,3371
ac112721.2,3372
al050343.1,3373
ac106744.2,3374
rbpms-as1,3375
al603962.1,3376
ac005165.1,3377
ap000265.1,3378
serpinb9p1,3379
ac241585.2,3380
ac104964.4,3381
epb41l4a-as2,3382
ac007382.1,3383
adamts9-as1,3384
ac005523.1,3385
ac124312.3,3386
ac093425.1,3387
ac079228.1,3388
ac006249.1,3389
al662884.2,3390
al354796.1,3391
ac117402.1,3392
rnf216-it1,3393
ac026333.4,3394
al359643.3,3395
foxd2-as1,3396
ac004687.1,3397
ap006248.5,3398
mir4458hg,3399
kcnq1ot1,3400
ac008392.1,3401
al121892.1,3402
ap000550.1,3403
linc02308,3404
ac055854.1,3405
ac124319.2,3406
ac064875.1,3407
ac112220.4,3408
linc00294,3409
ac245140.2,3410
linc01146,3411
ac009113.1,3412
ac092279.1,3413
ac092958.1,3414
ac007390.2,3415
ac007388.1,3416
ipo9-as1,3417
rp6-42f4.1,3418
ac092329.4,3419
al161421.1,3420
ac016708.1,3421
ap003476.1,3422
af131215.4,3423
ac008764.9,3424
ap000355.1,3425
ac007128.1,3426
al592435.1,3427
linc01537,3428
ac125603.1,3429
h19,3430
ac037198.1,3431
znf571-as1,3432
ac007406.3,3433
al603839.3,3434
traf3ip2-as1,3435
linc00184,3436
ac011933.3,3437
ac008957.1,3438
al138828.1,3439
znf503-as2,3440
vldlr-as1,3441
wt1-as,3442
ac002480.4,3443
al512625.1,3444
al157902.2,3445
ac005614.2,3446
ac016134.1,3447
linc00574,3448
ac010735.2,3449
al353898.3,3450
ac234582.1,3451
ac114956.1,3452
ac010245.2,3453
ac124301.1,3454
sema3b-as1,3455
ac008035.1,3456
ac078883.1,3457
linc00407,3458
ac123912.1,3459
linc01385,3460
linc00692,3461
linc02219,3462
c10orf91,3463
al133320.1,3464
ac135507.1,3465
nav2-it1,3466
al603750.1,3467
al050403.1,3468
ac040169.1,3469
ac007780.1,3470
ac093515.1,3471
ac010883.1,3472
ac011525.1,3473
dnmbp-as1,3474
mds2,3475
ac090197.1,3476
ac022400.8,3477
ac064802.1,3478
ac108215.1,3479
mir194-2hg,3480
ac005839.1,3481
linc01070,3482
ccdc37-as1,3483
ac007448.3,3484
thsd4-as1,3485
ac078881.1,3486
bx284668.5,3487
zmiz1-as1,3488
al035661.1,3489
ac007032.1,3490
ap000223.1,3491
ac004803.1,3492
ac008014.1,3493
al158835.4,3494
nkx2-1-as1,3495
ac011893.1,3496
linc01831,3497
ac013269.2,3498
ap000560.1,3499
ac097382.2,3500
al136982.6,3501
ac011479.3,3502
ac007686.3,3503
linc00997,3504
linc01848,3505
ac019197.1,3506
ac012313.1,3507
al391422.3,3508
al603839.4,3509
al590133.2,3510
ac134043.2,3511
exoc3-as1,3512
ac073592.7,3513
ac092153.1,3514
ap001626.1,3515
al049833.1,3516
al354740.1,3517
jhdm1d-as1,3518
ac016949.1,3519
u62317.1,3520
ac078846.1,3521
linc00504,3522
ctbp1-as2,3523
ac247036.1,3524
ac073046.1,3525
al157396.1,3526
ac006213.2,3527
ac069234.2,3528
kirrel1-it1,3529
ac079922.2,3530
ap000350.7,3531
ac226119.1,3532
ac126773.2,3533
al513318.2,3534
ac002310.2,3535
ac108062.1,3536
dlgap1-as1,3537
ac004656.1,3538
ac010261.2,3539
ac006145.1,3540
ac106754.1,3541
ac125611.4,3542
linc01356,3543
ac090970.1,3544
ac132872.1,3545
ac012360.1,3546
ac145423.2,3547
acbd3-as1,3548
ac016590.2,3549
ac003101.2,3550
bach1-it3,3551
hcg23,3552
usp30-as1,3553
znrf3-it1,3554
al031281.2,3555
ac092139.1,3556
linc02188,3557
ac109439.2,3558
ac113615.1,3559
ac092139.3,3560
u73169.1,3561
ac067838.1,3562
ac025741.1,3563
snhg22,3564
ac002310.1,3565
ap003119.3,3566
ac104170.1,3567
ac124067.4,3568
linc00908,3569
ac114980.1,3570
linc02302,3571
al157823.2,3572
ac022107.1,3573
ac007326.3,3574
mir137hg,3575
ac090739.1,3576
ac003092.1,3577
ac092692.1,3578
al355001.2,3579
z98949.3,3580
ac011676.5,3581
ac022613.2,3582
ac025181.2,3583
ine1,3584
ac074351.1,3585
ac007207.2,3586
st7-as1,3587
linc00661,3588
wdr7-ot1,3589
af001548.2,3590
ap002761.3,3591
ac132154.1,3592
al031656.1,3593
al596442.1,3594
mylk,3595
ac004241.3,3596
ac093642.2,3597
ac010655.2,3598
linc01554,3599
linc01234,3600
zranb2-as2,3601
ap001476.1,3602
ac067852.2,3603
ap005136.2,3604
ap003774.1,3605
ac008753.3,3606
ap000320.1,3607
sod2-ot1,3608
u73166.1,3609
linc01250,3610
ac005920.1,3611
al137230.2,3612
linc00235,3613
tbx2-as1,3614
al138999.1,3615
ccdc183-as1,3616
snd1-it1,3617
linc00857,3618
linc01126,3619
al356019.2,3620
ac024451.4,3621
ac022919.1,3622
rnf144a-as1,3623
ap001505.1,3624
ac020922.4,3625
mir181a1hg,3626
ac096642.1,3627
ac011825.3,3628
ac012184.1,3629
ac016065.1,3630
ac079949.1,3631
ac092807.3,3632
ac016590.3,3633
ac007620.3,3634
al117350.1,3635
al627171.1,3636
linc01616,3637
ac092611.2,3638
ac097534.2,3639
sfta1p,3640
ac092902.2,3641
ac010536.2,3642
ap005060.1,3643
al592166.1,3644
ap003469.2,3645
linc00163,3646
ac116025.2,3647
ccnt2-as1,3648
ac106796.1,3649
ac114814.1,3650
frmd6-as1,3651
ac093323.3,3652
ap003068.4,3653
al109917.1,3654
ac007292.1,3655
eipr1-it1,3656
ac015712.2,3657
linc02001,3658
linc01094,3659
ap000547.3,3660
ac007038.1,3661
ac005821.1,3662
ac025171.4,3663
ac100835.2,3664
lpp-as2,3665
pcbp1-as1,3666
nbr2,3667
magi1-it1,3668
ac138024.1,3669
ac007405.3,3670
hcg22,3671
ndufb2-as1,3672
linc00208,3673
ac100810.3,3674
u91328.1,3675
al355297.4,3676
ac016910.1,3677
ac010735.1,3678
ap001172.1,3679
al023806.2,3680
ac005722.2,3681
ac005034.5,3682
ac009135.2,3683
ac023090.2,3684
ac122710.2,3685
ac133785.1,3686
znf30-as1,3687
al022323.4,3688
ac006017.1,3689
ac084757.2,3690
fgf14-it1,3691
linc01606,3692
ac008443.1,3693
al450998.2,3694
al137847.1,3695
al023881.1,3696
znf433-as1,3697
ac120114.1,3698
ac100821.2,3699
al031008.1,3700
al117379.1,3701
linc02447,3702
ac018470.1,3703
ap002957.1,3704
ac011474.2,3705
linc01226,3706
ac010997.5,3707
ac079465.1,3708
ac110285.2,3709
ac116667.1,3710
linc01749,3711
ac015922.4,3712
ac112512.1,3713
ac100771.2,3714
al645608.3,3715
fam27c,3716
thrb-it1,3717
ttc28-as1,3718
linc01278,3719
ac023908.3,3720
ac018645.2,3721
ac109466.1,3722
linc01783,3723
ac010504.1,3724
atg10-it1,3725
erve-1,3726
al096870.2,3727
linc01816,3728
ac009464.1,3729
ac138150.2,3730
ac012184.3,3731
ac069277.1,3732
al807752.5,3733
fp325330.3,3734
ac007663.2,3735
dlgap1-as2,3736
ac005083.1,3737
ac116913.1,3738
fp325335.1,3739
ac008972.1,3740
ac009506.1,3741
al139260.2,3742
ac027801.5,3743
ac012629.1,3744
dubr,3745
al590399.3,3746
mapt-it1,3747
ac092135.1,3748
al445471.2,3749
ac105046.1,3750
al022313.2,3751
al662795.1,3752
linc00648,3753
al512383.1,3754
ac020978.6,3755
ac127024.8,3756
ac136604.2,3757
z98752.4,3758
al035706.1,3759
ac025048.2,3760
linc01115,3761
ac009120.5,3762
thumpd3-as1,3763
ap006623.1,3764
ac027796.4,3765
al357054.4,3766
linc02438,3767
slx1b-sult1a4,3768
z97653.2,3769
z93930.2,3770
linc01871,3771
ac112229.4,3772
linc02035,3773
ac092611.3,3774
ac092279.2,3775
ac107959.2,3776
ac007000.3,3777
dguok-as1,3778
linc01679,3779
al049555.1,3780
ac012557.1,3781
ac027117.2,3782
ac025437.5,3783
al096677.1,3784
linc00658,3785
morc2-as1,3786
ac016831.1,3787
ac137630.1,3788
ac113382.1,3789
ilf3-as1,3790
ac245014.3,3791
ap005233.1,3792
linc01641,3793
ac126544.1,3794
ac092756.1,3795
ac105389.2,3796
ac116351.1,3797
al121839.2,3798
ac091059.2,3799
tusc7,3800
afap1-as1,3801
linc00426,3802
linc01189,3803
uxt-as1,3804
linc01468,3805
ube2e2-as1,3806
ac106897.1,3807
ap4b1-as1,3808
snhg19,3809
linc00319,3810
ac005052.1,3811
al136320.1,3812
linc01727,3813
pacrg-as1,3814
ac089999.2,3815
af117829.1,3816
linc00588,3817
mir202hg,3818
flg-as1,3819
ac096947.1,3820
hmga1p4,3821
lmnb1-dt,3822
rp11-592b15.3,3823
ac008429.1,3824
fendrr,3825
z68871.1,3826
ac004466.1,3827
ac119800.1,3828
ints9-as1,3829
ap000439.3,3830
ap001528.2,3831
ac073389.1,3832
ac018809.2,3833
al358975.1,3834
ac025423.1,3835
ac023824.6,3836
linc02409,3837
al358154.1,3838
al139352.1,3839
linc00365,3840
ac022413.1,3841
ac026471.2,3842
al591030.1,3843
ac005072.1,3844
linc01164,3845
ac009630.3,3846
al360270.2,3847
linc00159,3848
al391056.1,3849
ac016550.3,3850
al021878.2,3851
al353622.1,3852
ac097382.1,3853
ac105219.4,3854
bdnf-as,3855
ap001107.5,3856
nnt-as1,3857
rassf8-as1,3858
al662890.1,3859
hdac2-as2,3860
ac011753.2,3861
